varid,d_ads,d_abs,d_ats,d_fss,E_ads,E_abs,E_ats
0,0.02,0.06,0.14,0.58,5000,5000,5000
1,0.02,0.06,0.14,0.58,5000,5000,12500
2,0.02,0.06,0.14,0.58,5000,5000,20000
3,0.02,0.06,0.14,0.58,5000,12500,5000
4,0.02,0.06,0.14,0.58,5000,12500,12500
5,0.02,0.06,0.14,0.58,5000,12500,20000
6,0.02,0.06,0.14,0.58,5000,20000,5000
7,0.02,0.06,0.14,0.58,5000,20000,12500
8,0.02,0.06,0.14,0.58,5000,20000,20000
9,0.02,0.06,0.14,0.58,12500,5000,5000
10,0.02,0.06,0.14,0.58,12500,5000,12500
11,0.02,0.06,0.14,0.58,12500,5000,20000
12,0.02,0.06,0.14,0.58,12500,12500,5000
13,0.02,0.06,0.14,0.58,12500,12500,12500
14,0.02,0.06,0.14,0.58,12500,12500,20000
15,0.02,0.06,0.14,0.58,12500,20000,5000
16,0.02,0.06,0.14,0.58,12500,20000,12500
17,0.02,0.06,0.14,0.58,12500,20000,20000
18,0.02,0.06,0.14,0.58,20000,5000,5000
19,0.02,0.06,0.14,0.58,20000,5000,12500
20,0.02,0.06,0.14,0.58,20000,5000,20000
21,0.02,0.06,0.14,0.58,20000,12500,5000
22,0.02,0.06,0.14,0.58,20000,12500,12500
23,0.02,0.06,0.14,0.58,20000,12500,20000
24,0.02,0.06,0.14,0.58,20000,20000,5000
25,0.02,0.06,0.14,0.58,20000,20000,12500
26,0.02,0.06,0.14,0.58,20000,20000,20000
27,0.02,0.06,0.18,0.54,5000,5000,5000
28,0.02,0.06,0.18,0.54,5000,5000,12500
29,0.02,0.06,0.18,0.54,5000,5000,20000
30,0.02,0.06,0.18,0.54,5000,12500,5000
31,0.02,0.06,0.18,0.54,5000,12500,12500
32,0.02,0.06,0.18,0.54,5000,12500,20000
33,0.02,0.06,0.18,0.54,5000,20000,5000
34,0.02,0.06,0.18,0.54,5000,20000,12500
35,0.02,0.06,0.18,0.54,5000,20000,20000
36,0.02,0.06,0.18,0.54,12500,5000,5000
37,0.02,0.06,0.18,0.54,12500,5000,12500
38,0.02,0.06,0.18,0.54,12500,5000,20000
39,0.02,0.06,0.18,0.54,12500,12500,5000
40,0.02,0.06,0.18,0.54,12500,12500,12500
41,0.02,0.06,0.18,0.54,12500,12500,20000
42,0.02,0.06,0.18,0.54,12500,20000,5000
43,0.02,0.06,0.18,0.54,12500,20000,12500
44,0.02,0.06,0.18,0.54,12500,20000,20000
45,0.02,0.06,0.18,0.54,20000,5000,5000
46,0.02,0.06,0.18,0.54,20000,5000,12500
47,0.02,0.06,0.18,0.54,20000,5000,20000
48,0.02,0.06,0.18,0.54,20000,12500,5000
49,0.02,0.06,0.18,0.54,20000,12500,12500
50,0.02,0.06,0.18,0.54,20000,12500,20000
51,0.02,0.06,0.18,0.54,20000,20000,5000
52,0.02,0.06,0.18,0.54,20000,20000,12500
53,0.02,0.06,0.18,0.54,20000,20000,20000
54,0.02,0.06,0.22,0.5,5000,5000,5000
55,0.02,0.06,0.22,0.5,5000,5000,12500
56,0.02,0.06,0.22,0.5,5000,5000,20000
57,0.02,0.06,0.22,0.5,5000,12500,5000
58,0.02,0.06,0.22,0.5,5000,12500,12500
59,0.02,0.06,0.22,0.5,5000,12500,20000
60,0.02,0.06,0.22,0.5,5000,20000,5000
61,0.02,0.06,0.22,0.5,5000,20000,12500
62,0.02,0.06,0.22,0.5,5000,20000,20000
63,0.02,0.06,0.22,0.5,12500,5000,5000
64,0.02,0.06,0.22,0.5,12500,5000,12500
65,0.02,0.06,0.22,0.5,12500,5000,20000
66,0.02,0.06,0.22,0.5,12500,12500,5000
67,0.02,0.06,0.22,0.5,12500,12500,12500
68,0.02,0.06,0.22,0.5,12500,12500,20000
69,0.02,0.06,0.22,0.5,12500,20000,5000
70,0.02,0.06,0.22,0.5,12500,20000,12500
71,0.02,0.06,0.22,0.5,12500,20000,20000
72,0.02,0.06,0.22,0.5,20000,5000,5000
73,0.02,0.06,0.22,0.5,20000,5000,12500
74,0.02,0.06,0.22,0.5,20000,5000,20000
75,0.02,0.06,0.22,0.5,20000,12500,5000
76,0.02,0.06,0.22,0.5,20000,12500,12500
77,0.02,0.06,0.22,0.5,20000,12500,20000
78,0.02,0.06,0.22,0.5,20000,20000,5000
79,0.02,0.06,0.22,0.5,20000,20000,12500
80,0.02,0.06,0.22,0.5,20000,20000,20000
81,0.02,0.08,0.14,0.56,5000,5000,5000
82,0.02,0.08,0.14,0.56,5000,5000,12500
83,0.02,0.08,0.14,0.56,5000,5000,20000
84,0.02,0.08,0.14,0.56,5000,12500,5000
85,0.02,0.08,0.14,0.56,5000,12500,12500
86,0.02,0.08,0.14,0.56,5000,12500,20000
87,0.02,0.08,0.14,0.56,5000,20000,5000
88,0.02,0.08,0.14,0.56,5000,20000,12500
89,0.02,0.08,0.14,0.56,5000,20000,20000
90,0.02,0.08,0.14,0.56,12500,5000,5000
91,0.02,0.08,0.14,0.56,12500,5000,12500
92,0.02,0.08,0.14,0.56,12500,5000,20000
93,0.02,0.08,0.14,0.56,12500,12500,5000
94,0.02,0.08,0.14,0.56,12500,12500,12500
95,0.02,0.08,0.14,0.56,12500,12500,20000
96,0.02,0.08,0.14,0.56,12500,20000,5000
97,0.02,0.08,0.14,0.56,12500,20000,12500
98,0.02,0.08,0.14,0.56,12500,20000,20000
99,0.02,0.08,0.14,0.56,20000,5000,5000
100,0.02,0.08,0.14,0.56,20000,5000,12500
101,0.02,0.08,0.14,0.56,20000,5000,20000
102,0.02,0.08,0.14,0.56,20000,12500,5000
103,0.02,0.08,0.14,0.56,20000,12500,12500
104,0.02,0.08,0.14,0.56,20000,12500,20000
105,0.02,0.08,0.14,0.56,20000,20000,5000
106,0.02,0.08,0.14,0.56,20000,20000,12500
107,0.02,0.08,0.14,0.56,20000,20000,20000
108,0.02,0.08,0.18,0.52,5000,5000,5000
109,0.02,0.08,0.18,0.52,5000,5000,12500
110,0.02,0.08,0.18,0.52,5000,5000,20000
111,0.02,0.08,0.18,0.52,5000,12500,5000
112,0.02,0.08,0.18,0.52,5000,12500,12500
113,0.02,0.08,0.18,0.52,5000,12500,20000
114,0.02,0.08,0.18,0.52,5000,20000,5000
115,0.02,0.08,0.18,0.52,5000,20000,12500
116,0.02,0.08,0.18,0.52,5000,20000,20000
117,0.02,0.08,0.18,0.52,12500,5000,5000
118,0.02,0.08,0.18,0.52,12500,5000,12500
119,0.02,0.08,0.18,0.52,12500,5000,20000
120,0.02,0.08,0.18,0.52,12500,12500,5000
121,0.02,0.08,0.18,0.52,12500,12500,12500
122,0.02,0.08,0.18,0.52,12500,12500,20000
123,0.02,0.08,0.18,0.52,12500,20000,5000
124,0.02,0.08,0.18,0.52,12500,20000,12500
125,0.02,0.08,0.18,0.52,12500,20000,20000
126,0.02,0.08,0.18,0.52,20000,5000,5000
127,0.02,0.08,0.18,0.52,20000,5000,12500
128,0.02,0.08,0.18,0.52,20000,5000,20000
129,0.02,0.08,0.18,0.52,20000,12500,5000
130,0.02,0.08,0.18,0.52,20000,12500,12500
131,0.02,0.08,0.18,0.52,20000,12500,20000
132,0.02,0.08,0.18,0.52,20000,20000,5000
133,0.02,0.08,0.18,0.52,20000,20000,12500
134,0.02,0.08,0.18,0.52,20000,20000,20000
135,0.02,0.08,0.22,0.48,5000,5000,5000
136,0.02,0.08,0.22,0.48,5000,5000,12500
137,0.02,0.08,0.22,0.48,5000,5000,20000
138,0.02,0.08,0.22,0.48,5000,12500,5000
139,0.02,0.08,0.22,0.48,5000,12500,12500
140,0.02,0.08,0.22,0.48,5000,12500,20000
141,0.02,0.08,0.22,0.48,5000,20000,5000
142,0.02,0.08,0.22,0.48,5000,20000,12500
143,0.02,0.08,0.22,0.48,5000,20000,20000
144,0.02,0.08,0.22,0.48,12500,5000,5000
145,0.02,0.08,0.22,0.48,12500,5000,12500
146,0.02,0.08,0.22,0.48,12500,5000,20000
147,0.02,0.08,0.22,0.48,12500,12500,5000
148,0.02,0.08,0.22,0.48,12500,12500,12500
149,0.02,0.08,0.22,0.48,12500,12500,20000
150,0.02,0.08,0.22,0.48,12500,20000,5000
151,0.02,0.08,0.22,0.48,12500,20000,12500
152,0.02,0.08,0.22,0.48,12500,20000,20000
153,0.02,0.08,0.22,0.48,20000,5000,5000
154,0.02,0.08,0.22,0.48,20000,5000,12500
155,0.02,0.08,0.22,0.48,20000,5000,20000
156,0.02,0.08,0.22,0.48,20000,12500,5000
157,0.02,0.08,0.22,0.48,20000,12500,12500
158,0.02,0.08,0.22,0.48,20000,12500,20000
159,0.02,0.08,0.22,0.48,20000,20000,5000
160,0.02,0.08,0.22,0.48,20000,20000,12500
161,0.02,0.08,0.22,0.48,20000,20000,20000
162,0.02,0.1,0.14,0.54,5000,5000,5000
163,0.02,0.1,0.14,0.54,5000,5000,12500
164,0.02,0.1,0.14,0.54,5000,5000,20000
165,0.02,0.1,0.14,0.54,5000,12500,5000
166,0.02,0.1,0.14,0.54,5000,12500,12500
167,0.02,0.1,0.14,0.54,5000,12500,20000
168,0.02,0.1,0.14,0.54,5000,20000,5000
169,0.02,0.1,0.14,0.54,5000,20000,12500
170,0.02,0.1,0.14,0.54,5000,20000,20000
171,0.02,0.1,0.14,0.54,12500,5000,5000
172,0.02,0.1,0.14,0.54,12500,5000,12500
173,0.02,0.1,0.14,0.54,12500,5000,20000
174,0.02,0.1,0.14,0.54,12500,12500,5000
175,0.02,0.1,0.14,0.54,12500,12500,12500
176,0.02,0.1,0.14,0.54,12500,12500,20000
177,0.02,0.1,0.14,0.54,12500,20000,5000
178,0.02,0.1,0.14,0.54,12500,20000,12500
179,0.02,0.1,0.14,0.54,12500,20000,20000
180,0.02,0.1,0.14,0.54,20000,5000,5000
181,0.02,0.1,0.14,0.54,20000,5000,12500
182,0.02,0.1,0.14,0.54,20000,5000,20000
183,0.02,0.1,0.14,0.54,20000,12500,5000
184,0.02,0.1,0.14,0.54,20000,12500,12500
185,0.02,0.1,0.14,0.54,20000,12500,20000
186,0.02,0.1,0.14,0.54,20000,20000,5000
187,0.02,0.1,0.14,0.54,20000,20000,12500
188,0.02,0.1,0.14,0.54,20000,20000,20000
189,0.02,0.1,0.18,0.5,5000,5000,5000
190,0.02,0.1,0.18,0.5,5000,5000,12500
191,0.02,0.1,0.18,0.5,5000,5000,20000
192,0.02,0.1,0.18,0.5,5000,12500,5000
193,0.02,0.1,0.18,0.5,5000,12500,12500
194,0.02,0.1,0.18,0.5,5000,12500,20000
195,0.02,0.1,0.18,0.5,5000,20000,5000
196,0.02,0.1,0.18,0.5,5000,20000,12500
197,0.02,0.1,0.18,0.5,5000,20000,20000
198,0.02,0.1,0.18,0.5,12500,5000,5000
199,0.02,0.1,0.18,0.5,12500,5000,12500
200,0.02,0.1,0.18,0.5,12500,5000,20000
201,0.02,0.1,0.18,0.5,12500,12500,5000
202,0.02,0.1,0.18,0.5,12500,12500,12500
203,0.02,0.1,0.18,0.5,12500,12500,20000
204,0.02,0.1,0.18,0.5,12500,20000,5000
205,0.02,0.1,0.18,0.5,12500,20000,12500
206,0.02,0.1,0.18,0.5,12500,20000,20000
207,0.02,0.1,0.18,0.5,20000,5000,5000
208,0.02,0.1,0.18,0.5,20000,5000,12500
209,0.02,0.1,0.18,0.5,20000,5000,20000
210,0.02,0.1,0.18,0.5,20000,12500,5000
211,0.02,0.1,0.18,0.5,20000,12500,12500
212,0.02,0.1,0.18,0.5,20000,12500,20000
213,0.02,0.1,0.18,0.5,20000,20000,5000
214,0.02,0.1,0.18,0.5,20000,20000,12500
215,0.02,0.1,0.18,0.5,20000,20000,20000
216,0.02,0.1,0.22,0.46,5000,5000,5000
217,0.02,0.1,0.22,0.46,5000,5000,12500
218,0.02,0.1,0.22,0.46,5000,5000,20000
219,0.02,0.1,0.22,0.46,5000,12500,5000
220,0.02,0.1,0.22,0.46,5000,12500,12500
221,0.02,0.1,0.22,0.46,5000,12500,20000
222,0.02,0.1,0.22,0.46,5000,20000,5000
223,0.02,0.1,0.22,0.46,5000,20000,12500
224,0.02,0.1,0.22,0.46,5000,20000,20000
225,0.02,0.1,0.22,0.46,12500,5000,5000
226,0.02,0.1,0.22,0.46,12500,5000,12500
227,0.02,0.1,0.22,0.46,12500,5000,20000
228,0.02,0.1,0.22,0.46,12500,12500,5000
229,0.02,0.1,0.22,0.46,12500,12500,12500
230,0.02,0.1,0.22,0.46,12500,12500,20000
231,0.02,0.1,0.22,0.46,12500,20000,5000
232,0.02,0.1,0.22,0.46,12500,20000,12500
233,0.02,0.1,0.22,0.46,12500,20000,20000
234,0.02,0.1,0.22,0.46,20000,5000,5000
235,0.02,0.1,0.22,0.46,20000,5000,12500
236,0.02,0.1,0.22,0.46,20000,5000,20000
237,0.02,0.1,0.22,0.46,20000,12500,5000
238,0.02,0.1,0.22,0.46,20000,12500,12500
239,0.02,0.1,0.22,0.46,20000,12500,20000
240,0.02,0.1,0.22,0.46,20000,20000,5000
241,0.02,0.1,0.22,0.46,20000,20000,12500
242,0.02,0.1,0.22,0.46,20000,20000,20000
243,0.04,0.06,0.14,0.56,5000,5000,5000
244,0.04,0.06,0.14,0.56,5000,5000,12500
245,0.04,0.06,0.14,0.56,5000,5000,20000
246,0.04,0.06,0.14,0.56,5000,12500,5000
247,0.04,0.06,0.14,0.56,5000,12500,12500
248,0.04,0.06,0.14,0.56,5000,12500,20000
249,0.04,0.06,0.14,0.56,5000,20000,5000
250,0.04,0.06,0.14,0.56,5000,20000,12500
251,0.04,0.06,0.14,0.56,5000,20000,20000
252,0.04,0.06,0.14,0.56,12500,5000,5000
253,0.04,0.06,0.14,0.56,12500,5000,12500
254,0.04,0.06,0.14,0.56,12500,5000,20000
255,0.04,0.06,0.14,0.56,12500,12500,5000
256,0.04,0.06,0.14,0.56,12500,12500,12500
257,0.04,0.06,0.14,0.56,12500,12500,20000
258,0.04,0.06,0.14,0.56,12500,20000,5000
259,0.04,0.06,0.14,0.56,12500,20000,12500
260,0.04,0.06,0.14,0.56,12500,20000,20000
261,0.04,0.06,0.14,0.56,20000,5000,5000
262,0.04,0.06,0.14,0.56,20000,5000,12500
263,0.04,0.06,0.14,0.56,20000,5000,20000
264,0.04,0.06,0.14,0.56,20000,12500,5000
265,0.04,0.06,0.14,0.56,20000,12500,12500
266,0.04,0.06,0.14,0.56,20000,12500,20000
267,0.04,0.06,0.14,0.56,20000,20000,5000
268,0.04,0.06,0.14,0.56,20000,20000,12500
269,0.04,0.06,0.14,0.56,20000,20000,20000
270,0.04,0.06,0.18,0.52,5000,5000,5000
271,0.04,0.06,0.18,0.52,5000,5000,12500
272,0.04,0.06,0.18,0.52,5000,5000,20000
273,0.04,0.06,0.18,0.52,5000,12500,5000
274,0.04,0.06,0.18,0.52,5000,12500,12500
275,0.04,0.06,0.18,0.52,5000,12500,20000
276,0.04,0.06,0.18,0.52,5000,20000,5000
277,0.04,0.06,0.18,0.52,5000,20000,12500
278,0.04,0.06,0.18,0.52,5000,20000,20000
279,0.04,0.06,0.18,0.52,12500,5000,5000
280,0.04,0.06,0.18,0.52,12500,5000,12500
281,0.04,0.06,0.18,0.52,12500,5000,20000
282,0.04,0.06,0.18,0.52,12500,12500,5000
283,0.04,0.06,0.18,0.52,12500,12500,12500
284,0.04,0.06,0.18,0.52,12500,12500,20000
285,0.04,0.06,0.18,0.52,12500,20000,5000
286,0.04,0.06,0.18,0.52,12500,20000,12500
287,0.04,0.06,0.18,0.52,12500,20000,20000
288,0.04,0.06,0.18,0.52,20000,5000,5000
289,0.04,0.06,0.18,0.52,20000,5000,12500
290,0.04,0.06,0.18,0.52,20000,5000,20000
291,0.04,0.06,0.18,0.52,20000,12500,5000
292,0.04,0.06,0.18,0.52,20000,12500,12500
293,0.04,0.06,0.18,0.52,20000,12500,20000
294,0.04,0.06,0.18,0.52,20000,20000,5000
295,0.04,0.06,0.18,0.52,20000,20000,12500
296,0.04,0.06,0.18,0.52,20000,20000,20000
297,0.04,0.06,0.22,0.48,5000,5000,5000
298,0.04,0.06,0.22,0.48,5000,5000,12500
299,0.04,0.06,0.22,0.48,5000,5000,20000
300,0.04,0.06,0.22,0.48,5000,12500,5000
301,0.04,0.06,0.22,0.48,5000,12500,12500
302,0.04,0.06,0.22,0.48,5000,12500,20000
303,0.04,0.06,0.22,0.48,5000,20000,5000
304,0.04,0.06,0.22,0.48,5000,20000,12500
305,0.04,0.06,0.22,0.48,5000,20000,20000
306,0.04,0.06,0.22,0.48,12500,5000,5000
307,0.04,0.06,0.22,0.48,12500,5000,12500
308,0.04,0.06,0.22,0.48,12500,5000,20000
309,0.04,0.06,0.22,0.48,12500,12500,5000
310,0.04,0.06,0.22,0.48,12500,12500,12500
311,0.04,0.06,0.22,0.48,12500,12500,20000
312,0.04,0.06,0.22,0.48,12500,20000,5000
313,0.04,0.06,0.22,0.48,12500,20000,12500
314,0.04,0.06,0.22,0.48,12500,20000,20000
315,0.04,0.06,0.22,0.48,20000,5000,5000
316,0.04,0.06,0.22,0.48,20000,5000,12500
317,0.04,0.06,0.22,0.48,20000,5000,20000
318,0.04,0.06,0.22,0.48,20000,12500,5000
319,0.04,0.06,0.22,0.48,20000,12500,12500
320,0.04,0.06,0.22,0.48,20000,12500,20000
321,0.04,0.06,0.22,0.48,20000,20000,5000
322,0.04,0.06,0.22,0.48,20000,20000,12500
323,0.04,0.06,0.22,0.48,20000,20000,20000
324,0.04,0.08,0.14,0.54,5000,5000,5000
325,0.04,0.08,0.14,0.54,5000,5000,12500
326,0.04,0.08,0.14,0.54,5000,5000,20000
327,0.04,0.08,0.14,0.54,5000,12500,5000
328,0.04,0.08,0.14,0.54,5000,12500,12500
329,0.04,0.08,0.14,0.54,5000,12500,20000
330,0.04,0.08,0.14,0.54,5000,20000,5000
331,0.04,0.08,0.14,0.54,5000,20000,12500
332,0.04,0.08,0.14,0.54,5000,20000,20000
333,0.04,0.08,0.14,0.54,12500,5000,5000
334,0.04,0.08,0.14,0.54,12500,5000,12500
335,0.04,0.08,0.14,0.54,12500,5000,20000
336,0.04,0.08,0.14,0.54,12500,12500,5000
337,0.04,0.08,0.14,0.54,12500,12500,12500
338,0.04,0.08,0.14,0.54,12500,12500,20000
339,0.04,0.08,0.14,0.54,12500,20000,5000
340,0.04,0.08,0.14,0.54,12500,20000,12500
341,0.04,0.08,0.14,0.54,12500,20000,20000
342,0.04,0.08,0.14,0.54,20000,5000,5000
343,0.04,0.08,0.14,0.54,20000,5000,12500
344,0.04,0.08,0.14,0.54,20000,5000,20000
345,0.04,0.08,0.14,0.54,20000,12500,5000
346,0.04,0.08,0.14,0.54,20000,12500,12500
347,0.04,0.08,0.14,0.54,20000,12500,20000
348,0.04,0.08,0.14,0.54,20000,20000,5000
349,0.04,0.08,0.14,0.54,20000,20000,12500
350,0.04,0.08,0.14,0.54,20000,20000,20000
351,0.04,0.08,0.18,0.5,5000,5000,5000
352,0.04,0.08,0.18,0.5,5000,5000,12500
353,0.04,0.08,0.18,0.5,5000,5000,20000
354,0.04,0.08,0.18,0.5,5000,12500,5000
355,0.04,0.08,0.18,0.5,5000,12500,12500
356,0.04,0.08,0.18,0.5,5000,12500,20000
357,0.04,0.08,0.18,0.5,5000,20000,5000
358,0.04,0.08,0.18,0.5,5000,20000,12500
359,0.04,0.08,0.18,0.5,5000,20000,20000
360,0.04,0.08,0.18,0.5,12500,5000,5000
361,0.04,0.08,0.18,0.5,12500,5000,12500
362,0.04,0.08,0.18,0.5,12500,5000,20000
363,0.04,0.08,0.18,0.5,12500,12500,5000
364,0.04,0.08,0.18,0.5,12500,12500,12500
365,0.04,0.08,0.18,0.5,12500,12500,20000
366,0.04,0.08,0.18,0.5,12500,20000,5000
367,0.04,0.08,0.18,0.5,12500,20000,12500
368,0.04,0.08,0.18,0.5,12500,20000,20000
369,0.04,0.08,0.18,0.5,20000,5000,5000
370,0.04,0.08,0.18,0.5,20000,5000,12500
371,0.04,0.08,0.18,0.5,20000,5000,20000
372,0.04,0.08,0.18,0.5,20000,12500,5000
373,0.04,0.08,0.18,0.5,20000,12500,12500
374,0.04,0.08,0.18,0.5,20000,12500,20000
375,0.04,0.08,0.18,0.5,20000,20000,5000
376,0.04,0.08,0.18,0.5,20000,20000,12500
377,0.04,0.08,0.18,0.5,20000,20000,20000
378,0.04,0.08,0.22,0.46,5000,5000,5000
379,0.04,0.08,0.22,0.46,5000,5000,12500
380,0.04,0.08,0.22,0.46,5000,5000,20000
381,0.04,0.08,0.22,0.46,5000,12500,5000
382,0.04,0.08,0.22,0.46,5000,12500,12500
383,0.04,0.08,0.22,0.46,5000,12500,20000
384,0.04,0.08,0.22,0.46,5000,20000,5000
385,0.04,0.08,0.22,0.46,5000,20000,12500
386,0.04,0.08,0.22,0.46,5000,20000,20000
387,0.04,0.08,0.22,0.46,12500,5000,5000
388,0.04,0.08,0.22,0.46,12500,5000,12500
389,0.04,0.08,0.22,0.46,12500,5000,20000
390,0.04,0.08,0.22,0.46,12500,12500,5000
391,0.04,0.08,0.22,0.46,12500,12500,12500
392,0.04,0.08,0.22,0.46,12500,12500,20000
393,0.04,0.08,0.22,0.46,12500,20000,5000
394,0.04,0.08,0.22,0.46,12500,20000,12500
395,0.04,0.08,0.22,0.46,12500,20000,20000
396,0.04,0.08,0.22,0.46,20000,5000,5000
397,0.04,0.08,0.22,0.46,20000,5000,12500
398,0.04,0.08,0.22,0.46,20000,5000,20000
399,0.04,0.08,0.22,0.46,20000,12500,5000
400,0.04,0.08,0.22,0.46,20000,12500,12500
401,0.04,0.08,0.22,0.46,20000,12500,20000
402,0.04,0.08,0.22,0.46,20000,20000,5000
403,0.04,0.08,0.22,0.46,20000,20000,12500
404,0.04,0.08,0.22,0.46,20000,20000,20000
405,0.04,0.1,0.14,0.52,5000,5000,5000
406,0.04,0.1,0.14,0.52,5000,5000,12500
407,0.04,0.1,0.14,0.52,5000,5000,20000
408,0.04,0.1,0.14,0.52,5000,12500,5000
409,0.04,0.1,0.14,0.52,5000,12500,12500
410,0.04,0.1,0.14,0.52,5000,12500,20000
411,0.04,0.1,0.14,0.52,5000,20000,5000
412,0.04,0.1,0.14,0.52,5000,20000,12500
413,0.04,0.1,0.14,0.52,5000,20000,20000
414,0.04,0.1,0.14,0.52,12500,5000,5000
415,0.04,0.1,0.14,0.52,12500,5000,12500
416,0.04,0.1,0.14,0.52,12500,5000,20000
417,0.04,0.1,0.14,0.52,12500,12500,5000
418,0.04,0.1,0.14,0.52,12500,12500,12500
419,0.04,0.1,0.14,0.52,12500,12500,20000
420,0.04,0.1,0.14,0.52,12500,20000,5000
421,0.04,0.1,0.14,0.52,12500,20000,12500
422,0.04,0.1,0.14,0.52,12500,20000,20000
423,0.04,0.1,0.14,0.52,20000,5000,5000
424,0.04,0.1,0.14,0.52,20000,5000,12500
425,0.04,0.1,0.14,0.52,20000,5000,20000
426,0.04,0.1,0.14,0.52,20000,12500,5000
427,0.04,0.1,0.14,0.52,20000,12500,12500
428,0.04,0.1,0.14,0.52,20000,12500,20000
429,0.04,0.1,0.14,0.52,20000,20000,5000
430,0.04,0.1,0.14,0.52,20000,20000,12500
431,0.04,0.1,0.14,0.52,20000,20000,20000
432,0.04,0.1,0.18,0.48,5000,5000,5000
433,0.04,0.1,0.18,0.48,5000,5000,12500
434,0.04,0.1,0.18,0.48,5000,5000,20000
435,0.04,0.1,0.18,0.48,5000,12500,5000
436,0.04,0.1,0.18,0.48,5000,12500,12500
437,0.04,0.1,0.18,0.48,5000,12500,20000
438,0.04,0.1,0.18,0.48,5000,20000,5000
439,0.04,0.1,0.18,0.48,5000,20000,12500
440,0.04,0.1,0.18,0.48,5000,20000,20000
441,0.04,0.1,0.18,0.48,12500,5000,5000
442,0.04,0.1,0.18,0.48,12500,5000,12500
443,0.04,0.1,0.18,0.48,12500,5000,20000
444,0.04,0.1,0.18,0.48,12500,12500,5000
445,0.04,0.1,0.18,0.48,12500,12500,12500
446,0.04,0.1,0.18,0.48,12500,12500,20000
447,0.04,0.1,0.18,0.48,12500,20000,5000
448,0.04,0.1,0.18,0.48,12500,20000,12500
449,0.04,0.1,0.18,0.48,12500,20000,20000
450,0.04,0.1,0.18,0.48,20000,5000,5000
451,0.04,0.1,0.18,0.48,20000,5000,12500
452,0.04,0.1,0.18,0.48,20000,5000,20000
453,0.04,0.1,0.18,0.48,20000,12500,5000
454,0.04,0.1,0.18,0.48,20000,12500,12500
455,0.04,0.1,0.18,0.48,20000,12500,20000
456,0.04,0.1,0.18,0.48,20000,20000,5000
457,0.04,0.1,0.18,0.48,20000,20000,12500
458,0.04,0.1,0.18,0.48,20000,20000,20000
459,0.04,0.1,0.22,0.44,5000,5000,5000
460,0.04,0.1,0.22,0.44,5000,5000,12500
461,0.04,0.1,0.22,0.44,5000,5000,20000
462,0.04,0.1,0.22,0.44,5000,12500,5000
463,0.04,0.1,0.22,0.44,5000,12500,12500
464,0.04,0.1,0.22,0.44,5000,12500,20000
465,0.04,0.1,0.22,0.44,5000,20000,5000
466,0.04,0.1,0.22,0.44,5000,20000,12500
467,0.04,0.1,0.22,0.44,5000,20000,20000
468,0.04,0.1,0.22,0.44,12500,5000,5000
469,0.04,0.1,0.22,0.44,12500,5000,12500
470,0.04,0.1,0.22,0.44,12500,5000,20000
471,0.04,0.1,0.22,0.44,12500,12500,5000
472,0.04,0.1,0.22,0.44,12500,12500,12500
473,0.04,0.1,0.22,0.44,12500,12500,20000
474,0.04,0.1,0.22,0.44,12500,20000,5000
475,0.04,0.1,0.22,0.44,12500,20000,12500
476,0.04,0.1,0.22,0.44,12500,20000,20000
477,0.04,0.1,0.22,0.44,20000,5000,5000
478,0.04,0.1,0.22,0.44,20000,5000,12500
479,0.04,0.1,0.22,0.44,20000,5000,20000
480,0.04,0.1,0.22,0.44,20000,12500,5000
481,0.04,0.1,0.22,0.44,20000,12500,12500
482,0.04,0.1,0.22,0.44,20000,12500,20000
483,0.04,0.1,0.22,0.44,20000,20000,5000
484,0.04,0.1,0.22,0.44,20000,20000,12500
485,0.04,0.1,0.22,0.44,20000,20000,20000
486,0.06,0.06,0.14,0.54,5000,5000,5000
487,0.06,0.06,0.14,0.54,5000,5000,12500
488,0.06,0.06,0.14,0.54,5000,5000,20000
489,0.06,0.06,0.14,0.54,5000,12500,5000
490,0.06,0.06,0.14,0.54,5000,12500,12500
491,0.06,0.06,0.14,0.54,5000,12500,20000
492,0.06,0.06,0.14,0.54,5000,20000,5000
493,0.06,0.06,0.14,0.54,5000,20000,12500
494,0.06,0.06,0.14,0.54,5000,20000,20000
495,0.06,0.06,0.14,0.54,12500,5000,5000
496,0.06,0.06,0.14,0.54,12500,5000,12500
497,0.06,0.06,0.14,0.54,12500,5000,20000
498,0.06,0.06,0.14,0.54,12500,12500,5000
499,0.06,0.06,0.14,0.54,12500,12500,12500
500,0.06,0.06,0.14,0.54,12500,12500,20000
501,0.06,0.06,0.14,0.54,12500,20000,5000
502,0.06,0.06,0.14,0.54,12500,20000,12500
503,0.06,0.06,0.14,0.54,12500,20000,20000
504,0.06,0.06,0.14,0.54,20000,5000,5000
505,0.06,0.06,0.14,0.54,20000,5000,12500
506,0.06,0.06,0.14,0.54,20000,5000,20000
507,0.06,0.06,0.14,0.54,20000,12500,5000
508,0.06,0.06,0.14,0.54,20000,12500,12500
509,0.06,0.06,0.14,0.54,20000,12500,20000
510,0.06,0.06,0.14,0.54,20000,20000,5000
511,0.06,0.06,0.14,0.54,20000,20000,12500
512,0.06,0.06,0.14,0.54,20000,20000,20000
513,0.06,0.06,0.18,0.5,5000,5000,5000
514,0.06,0.06,0.18,0.5,5000,5000,12500
515,0.06,0.06,0.18,0.5,5000,5000,20000
516,0.06,0.06,0.18,0.5,5000,12500,5000
517,0.06,0.06,0.18,0.5,5000,12500,12500
518,0.06,0.06,0.18,0.5,5000,12500,20000
519,0.06,0.06,0.18,0.5,5000,20000,5000
520,0.06,0.06,0.18,0.5,5000,20000,12500
521,0.06,0.06,0.18,0.5,5000,20000,20000
522,0.06,0.06,0.18,0.5,12500,5000,5000
523,0.06,0.06,0.18,0.5,12500,5000,12500
524,0.06,0.06,0.18,0.5,12500,5000,20000
525,0.06,0.06,0.18,0.5,12500,12500,5000
526,0.06,0.06,0.18,0.5,12500,12500,12500
527,0.06,0.06,0.18,0.5,12500,12500,20000
528,0.06,0.06,0.18,0.5,12500,20000,5000
529,0.06,0.06,0.18,0.5,12500,20000,12500
530,0.06,0.06,0.18,0.5,12500,20000,20000
531,0.06,0.06,0.18,0.5,20000,5000,5000
532,0.06,0.06,0.18,0.5,20000,5000,12500
533,0.06,0.06,0.18,0.5,20000,5000,20000
534,0.06,0.06,0.18,0.5,20000,12500,5000
535,0.06,0.06,0.18,0.5,20000,12500,12500
536,0.06,0.06,0.18,0.5,20000,12500,20000
537,0.06,0.06,0.18,0.5,20000,20000,5000
538,0.06,0.06,0.18,0.5,20000,20000,12500
539,0.06,0.06,0.18,0.5,20000,20000,20000
540,0.06,0.06,0.22,0.46,5000,5000,5000
541,0.06,0.06,0.22,0.46,5000,5000,12500
542,0.06,0.06,0.22,0.46,5000,5000,20000
543,0.06,0.06,0.22,0.46,5000,12500,5000
544,0.06,0.06,0.22,0.46,5000,12500,12500
545,0.06,0.06,0.22,0.46,5000,12500,20000
546,0.06,0.06,0.22,0.46,5000,20000,5000
547,0.06,0.06,0.22,0.46,5000,20000,12500
548,0.06,0.06,0.22,0.46,5000,20000,20000
549,0.06,0.06,0.22,0.46,12500,5000,5000
550,0.06,0.06,0.22,0.46,12500,5000,12500
551,0.06,0.06,0.22,0.46,12500,5000,20000
552,0.06,0.06,0.22,0.46,12500,12500,5000
553,0.06,0.06,0.22,0.46,12500,12500,12500
554,0.06,0.06,0.22,0.46,12500,12500,20000
555,0.06,0.06,0.22,0.46,12500,20000,5000
556,0.06,0.06,0.22,0.46,12500,20000,12500
557,0.06,0.06,0.22,0.46,12500,20000,20000
558,0.06,0.06,0.22,0.46,20000,5000,5000
559,0.06,0.06,0.22,0.46,20000,5000,12500
560,0.06,0.06,0.22,0.46,20000,5000,20000
561,0.06,0.06,0.22,0.46,20000,12500,5000
562,0.06,0.06,0.22,0.46,20000,12500,12500
563,0.06,0.06,0.22,0.46,20000,12500,20000
564,0.06,0.06,0.22,0.46,20000,20000,5000
565,0.06,0.06,0.22,0.46,20000,20000,12500
566,0.06,0.06,0.22,0.46,20000,20000,20000
567,0.06,0.08,0.14,0.52,5000,5000,5000
568,0.06,0.08,0.14,0.52,5000,5000,12500
569,0.06,0.08,0.14,0.52,5000,5000,20000
570,0.06,0.08,0.14,0.52,5000,12500,5000
571,0.06,0.08,0.14,0.52,5000,12500,12500
572,0.06,0.08,0.14,0.52,5000,12500,20000
573,0.06,0.08,0.14,0.52,5000,20000,5000
574,0.06,0.08,0.14,0.52,5000,20000,12500
575,0.06,0.08,0.14,0.52,5000,20000,20000
576,0.06,0.08,0.14,0.52,12500,5000,5000
577,0.06,0.08,0.14,0.52,12500,5000,12500
578,0.06,0.08,0.14,0.52,12500,5000,20000
579,0.06,0.08,0.14,0.52,12500,12500,5000
580,0.06,0.08,0.14,0.52,12500,12500,12500
581,0.06,0.08,0.14,0.52,12500,12500,20000
582,0.06,0.08,0.14,0.52,12500,20000,5000
583,0.06,0.08,0.14,0.52,12500,20000,12500
584,0.06,0.08,0.14,0.52,12500,20000,20000
585,0.06,0.08,0.14,0.52,20000,5000,5000
586,0.06,0.08,0.14,0.52,20000,5000,12500
587,0.06,0.08,0.14,0.52,20000,5000,20000
588,0.06,0.08,0.14,0.52,20000,12500,5000
589,0.06,0.08,0.14,0.52,20000,12500,12500
590,0.06,0.08,0.14,0.52,20000,12500,20000
591,0.06,0.08,0.14,0.52,20000,20000,5000
592,0.06,0.08,0.14,0.52,20000,20000,12500
593,0.06,0.08,0.14,0.52,20000,20000,20000
594,0.06,0.08,0.18,0.48,5000,5000,5000
595,0.06,0.08,0.18,0.48,5000,5000,12500
596,0.06,0.08,0.18,0.48,5000,5000,20000
597,0.06,0.08,0.18,0.48,5000,12500,5000
598,0.06,0.08,0.18,0.48,5000,12500,12500
599,0.06,0.08,0.18,0.48,5000,12500,20000
600,0.06,0.08,0.18,0.48,5000,20000,5000
601,0.06,0.08,0.18,0.48,5000,20000,12500
602,0.06,0.08,0.18,0.48,5000,20000,20000
603,0.06,0.08,0.18,0.48,12500,5000,5000
604,0.06,0.08,0.18,0.48,12500,5000,12500
605,0.06,0.08,0.18,0.48,12500,5000,20000
606,0.06,0.08,0.18,0.48,12500,12500,5000
607,0.06,0.08,0.18,0.48,12500,12500,12500
608,0.06,0.08,0.18,0.48,12500,12500,20000
609,0.06,0.08,0.18,0.48,12500,20000,5000
610,0.06,0.08,0.18,0.48,12500,20000,12500
611,0.06,0.08,0.18,0.48,12500,20000,20000
612,0.06,0.08,0.18,0.48,20000,5000,5000
613,0.06,0.08,0.18,0.48,20000,5000,12500
614,0.06,0.08,0.18,0.48,20000,5000,20000
615,0.06,0.08,0.18,0.48,20000,12500,5000
616,0.06,0.08,0.18,0.48,20000,12500,12500
617,0.06,0.08,0.18,0.48,20000,12500,20000
618,0.06,0.08,0.18,0.48,20000,20000,5000
619,0.06,0.08,0.18,0.48,20000,20000,12500
620,0.06,0.08,0.18,0.48,20000,20000,20000
621,0.06,0.08,0.22,0.44,5000,5000,5000
622,0.06,0.08,0.22,0.44,5000,5000,12500
623,0.06,0.08,0.22,0.44,5000,5000,20000
624,0.06,0.08,0.22,0.44,5000,12500,5000
625,0.06,0.08,0.22,0.44,5000,12500,12500
626,0.06,0.08,0.22,0.44,5000,12500,20000
627,0.06,0.08,0.22,0.44,5000,20000,5000
628,0.06,0.08,0.22,0.44,5000,20000,12500
629,0.06,0.08,0.22,0.44,5000,20000,20000
630,0.06,0.08,0.22,0.44,12500,5000,5000
631,0.06,0.08,0.22,0.44,12500,5000,12500
632,0.06,0.08,0.22,0.44,12500,5000,20000
633,0.06,0.08,0.22,0.44,12500,12500,5000
634,0.06,0.08,0.22,0.44,12500,12500,12500
635,0.06,0.08,0.22,0.44,12500,12500,20000
636,0.06,0.08,0.22,0.44,12500,20000,5000
637,0.06,0.08,0.22,0.44,12500,20000,12500
638,0.06,0.08,0.22,0.44,12500,20000,20000
639,0.06,0.08,0.22,0.44,20000,5000,5000
640,0.06,0.08,0.22,0.44,20000,5000,12500
641,0.06,0.08,0.22,0.44,20000,5000,20000
642,0.06,0.08,0.22,0.44,20000,12500,5000
643,0.06,0.08,0.22,0.44,20000,12500,12500
644,0.06,0.08,0.22,0.44,20000,12500,20000
645,0.06,0.08,0.22,0.44,20000,20000,5000
646,0.06,0.08,0.22,0.44,20000,20000,12500
647,0.06,0.08,0.22,0.44,20000,20000,20000
648,0.06,0.1,0.14,0.5,5000,5000,5000
649,0.06,0.1,0.14,0.5,5000,5000,12500
650,0.06,0.1,0.14,0.5,5000,5000,20000
651,0.06,0.1,0.14,0.5,5000,12500,5000
652,0.06,0.1,0.14,0.5,5000,12500,12500
653,0.06,0.1,0.14,0.5,5000,12500,20000
654,0.06,0.1,0.14,0.5,5000,20000,5000
655,0.06,0.1,0.14,0.5,5000,20000,12500
656,0.06,0.1,0.14,0.5,5000,20000,20000
657,0.06,0.1,0.14,0.5,12500,5000,5000
658,0.06,0.1,0.14,0.5,12500,5000,12500
659,0.06,0.1,0.14,0.5,12500,5000,20000
660,0.06,0.1,0.14,0.5,12500,12500,5000
661,0.06,0.1,0.14,0.5,12500,12500,12500
662,0.06,0.1,0.14,0.5,12500,12500,20000
663,0.06,0.1,0.14,0.5,12500,20000,5000
664,0.06,0.1,0.14,0.5,12500,20000,12500
665,0.06,0.1,0.14,0.5,12500,20000,20000
666,0.06,0.1,0.14,0.5,20000,5000,5000
667,0.06,0.1,0.14,0.5,20000,5000,12500
668,0.06,0.1,0.14,0.5,20000,5000,20000
669,0.06,0.1,0.14,0.5,20000,12500,5000
670,0.06,0.1,0.14,0.5,20000,12500,12500
671,0.06,0.1,0.14,0.5,20000,12500,20000
672,0.06,0.1,0.14,0.5,20000,20000,5000
673,0.06,0.1,0.14,0.5,20000,20000,12500
674,0.06,0.1,0.14,0.5,20000,20000,20000
675,0.06,0.1,0.18,0.46,5000,5000,5000
676,0.06,0.1,0.18,0.46,5000,5000,12500
677,0.06,0.1,0.18,0.46,5000,5000,20000
678,0.06,0.1,0.18,0.46,5000,12500,5000
679,0.06,0.1,0.18,0.46,5000,12500,12500
680,0.06,0.1,0.18,0.46,5000,12500,20000
681,0.06,0.1,0.18,0.46,5000,20000,5000
682,0.06,0.1,0.18,0.46,5000,20000,12500
683,0.06,0.1,0.18,0.46,5000,20000,20000
684,0.06,0.1,0.18,0.46,12500,5000,5000
685,0.06,0.1,0.18,0.46,12500,5000,12500
686,0.06,0.1,0.18,0.46,12500,5000,20000
687,0.06,0.1,0.18,0.46,12500,12500,5000
688,0.06,0.1,0.18,0.46,12500,12500,12500
689,0.06,0.1,0.18,0.46,12500,12500,20000
690,0.06,0.1,0.18,0.46,12500,20000,5000
691,0.06,0.1,0.18,0.46,12500,20000,12500
692,0.06,0.1,0.18,0.46,12500,20000,20000
693,0.06,0.1,0.18,0.46,20000,5000,5000
694,0.06,0.1,0.18,0.46,20000,5000,12500
695,0.06,0.1,0.18,0.46,20000,5000,20000
696,0.06,0.1,0.18,0.46,20000,12500,5000
697,0.06,0.1,0.18,0.46,20000,12500,12500
698,0.06,0.1,0.18,0.46,20000,12500,20000
699,0.06,0.1,0.18,0.46,20000,20000,5000
700,0.06,0.1,0.18,0.46,20000,20000,12500
701,0.06,0.1,0.18,0.46,20000,20000,20000
702,0.06,0.1,0.22,0.42,5000,5000,5000
703,0.06,0.1,0.22,0.42,5000,5000,12500
704,0.06,0.1,0.22,0.42,5000,5000,20000
705,0.06,0.1,0.22,0.42,5000,12500,5000
706,0.06,0.1,0.22,0.42,5000,12500,12500
707,0.06,0.1,0.22,0.42,5000,12500,20000
708,0.06,0.1,0.22,0.42,5000,20000,5000
709,0.06,0.1,0.22,0.42,5000,20000,12500
710,0.06,0.1,0.22,0.42,5000,20000,20000
711,0.06,0.1,0.22,0.42,12500,5000,5000
712,0.06,0.1,0.22,0.42,12500,5000,12500
713,0.06,0.1,0.22,0.42,12500,5000,20000
714,0.06,0.1,0.22,0.42,12500,12500,5000
715,0.06,0.1,0.22,0.42,12500,12500,12500
716,0.06,0.1,0.22,0.42,12500,12500,20000
717,0.06,0.1,0.22,0.42,12500,20000,5000
718,0.06,0.1,0.22,0.42,12500,20000,12500
719,0.06,0.1,0.22,0.42,12500,20000,20000
720,0.06,0.1,0.22,0.42,20000,5000,5000
721,0.06,0.1,0.22,0.42,20000,5000,12500
722,0.06,0.1,0.22,0.42,20000,5000,20000
723,0.06,0.1,0.22,0.42,20000,12500,5000
724,0.06,0.1,0.22,0.42,20000,12500,12500
725,0.06,0.1,0.22,0.42,20000,12500,20000
726,0.06,0.1,0.22,0.42,20000,20000,5000
727,0.06,0.1,0.22,0.42,20000,20000,12500
728,0.06,0.1,0.22,0.42,20000,20000,20000
